Nombre,Correo,Ciudad,Empresa,Latitud
Leanne Graham,Sincere@april.biz,Gwenborough,Romaguera-Crona,-37.3159
Ervin Howell,Shanna@melissa.tv,Wisokyburgh,Deckow-Crist,-43.9509
Clementine Bauch,Nathan@yesenia.net,McKenziehaven,Romaguera-Jacobson,-68.6102
Patricia Lebsack,Julianne.OConner@kory.org,South Elvis,Robel-Corkery,29.4572
Chelsey Dietrich,Lucio_Hettinger@annie.ca,Roscoeview,Keebler LLC,-31.8129
Mrs. Dennis Schulist,Karley_Dach@jasper.info,South Christy,Considine-Lockman,-71.4197
Kurtis Weissnat,Telly.Hoeger@billy.biz,Howemouth,Johns Group,24.8918
Nicholas Runolfsdottir V,Sherwood@rosamond.me,Aliyaview,Abernathy Group,-14.3990
Glenna Reichert,Chaim_McDermott@dana.io,Bartholomebury,Yost and Sons,24.6463
Clementina DuBuque,Rey.Padberg@karina.biz,Lebsackbury,Hoeger LLC,-38.2386
